DateTime,NMHC_ppb_trend,NMHC_ppb_seasonal,NMHC_ppb_resid
2004-03-10 18:00:00,163.39600982431537,-7.844981393083319,-5.551028431232055
2004-03-10 19:00:00,163.4960098519318,-35.321927301805886,-16.174082550125917
2004-03-10 20:00:00,163.5957794777044,684.9091141127473,-760.5048935904517
2004-03-10 21:00:00,163.6953161138431,-81.66020488378025,-2.035111230062853
2004-03-10 22:00:00,163.79461719780696,-112.94788102145299,0.15326382364602864
2004-03-10 23:00:00,163.89368015613738,-99.12783207746236,-26.76584807867502
2004-03-11 00:00:00,163.9925024717956,-128.03060974000522,-4.961892731790385
2004-03-11 01:00:00,164.09108196790933,-149.78764154314604,16.696559575236705
2004-03-11 02:00:00,164.18941653445117,-151.0091479833355,10.81973144888434
2004-03-11 05:00:00,164.2875037770819,-170.08547248893515,13.797968711853258
2004-03-11 06:00:00,164.3853410122868,-167.18835172844229,18.803010716155484
2004-03-11 07:00:00,164.48292523226425,-147.59032871988697,12.107403487622719
2004-03-11 08:00:00,164.58025305324225,-115.88357198174228,15.303318928500033
2004-03-11 09:00:00,164.67732077715704,-19.64808741954917,-58.029233357607865
2004-03-11 10:00:00,164.77412457093766,-72.27648384786694,-15.497640723070731
2004-03-11 11:00:00,164.87066115331734,-120.99077277123527,-0.879888382082072
2004-03-11 12:00:00,164.96692756270045,-112.54631262542608,8.579385062725635
2004-03-11 13:00:00,165.06292083993972,-116.23609772650914,14.173176886569422
2004-03-11 14:00:00,165.15863783906852,29.138653714253206,-30.297291553321713
2004-03-11 15:00:00,165.2540752633554,-94.9111706567932,8.657095393437828
2004-03-11 16:00:00,165.34923008083348,-52.716600345548734,-17.632629735284752
2004-03-11 17:00:00,165.44409926688522,-24.57510585261705,9.131006585731825
2004-03-11 18:00:00,165.5386799338062,151.78026709584208,-10.318947029648285
2004-03-11 19:00:00,165.63296913918978,288.0482189663004,7.318811894509821
2004-03-11 20:00:00,165.72696399334194,217.14328785766676,18.129748148991297
2004-03-11 21:00:00,165.82066146964533,58.35228881987142,-27.172950289516763
2004-03-11 22:00:00,165.91405835178463,-107.54123267714648,2.6271743253618354
2004-03-11 23:00:00,166.00715165532657,-117.25432388281955,-22.752827772507004
2004-03-12 00:00:00,166.0999384875599,-98.5751023556613,-12.52483613189861
2004-03-12 01:00:00,166.19241623342265,-111.06976949657331,-2.122646736849333
2004-03-12 02:00:00,166.2845824838258,-112.50079960114839,-13.7837828826774
2004-03-12 05:00:00,166.37643491673157,-152.21828445537452,-7.158150461357053
2004-03-12 06:00:00,166.46797138599453,-149.28548635537408,-0.1824850306204553
2004-03-12 07:00:00,166.55918985833827,-132.38577285031124,-1.1734170080270303
2004-03-12 08:00:00,166.65008831436847,8.945827356508115,26.404084329123407
2004-03-12 10:00:00,166.74066466275346,73.52793574285465,-32.26860040560811
2004-03-12 11:00:00,166.830916594786,9.685642987619326,-10.516559582405336
2004-03-12 12:00:00,166.9208420957926,-40.54745817346081,-12.373383922331783
2004-03-12 13:00:00,167.0104393852511,-30.7455298004263,3.735090415175222
2004-03-12 14:00:00,167.09970683584982,-26.67104703958934,28.57134020373951
2004-03-12 15:00:00,167.18864272921377,11.080429905837782,6.730927364948457
2004-03-12 16:00:00,167.27724500128042,12.166497562534957,-14.443742563815391
2004-03-12 17:00:00,167.36551146444802,-18.612942218071243,-15.752569246376765
2004-03-12 18:00:00,167.45344010696064,56.28733308852744,9.259226804511911
2004-03-12 19:00:00,167.541029098538,93.08721644374967,-18.628245542287658
2004-03-12 20:00:00,167.62827659334363,312.67040562543207,7.701317781224304
2004-03-12 21:00:00,167.71518089568247,161.60541395036074,3.679405153956793
2004-03-12 22:00:00,167.8017402615267,71.37540822001125,-24.177148481537955
2004-03-12 23:00:00,167.88795294444546,197.25488118005785,1.8571658754966904
2004-03-13 00:00:00,167.97381743540075,-55.76529389811734,9.791476462716588
2004-03-13 01:00:00,168.05933224212296,-98.20167680244023,-2.8576554396827305
2004-03-13 02:00:00,168.14449576832195,-111.97301084436019,-13.171484923961742
2004-03-13 05:00:00,168.22930645612882,-127.16961795175446,-11.059688504374378
2004-03-13 06:00:00,168.3137629261079,-138.7839924502644,-2.529770475843492
2004-03-13 07:00:00,168.3978639621699,-126.55754583926516,5.159681877095267
2004-03-13 08:00:00,168.48160839638055,-57.82706803750359,21.34545964112303
2004-03-13 09:00:00,168.56499496296038,31.226881896318844,39.20812314072077
2004-03-13 10:00:00,168.64802207283725,-6.037361843701941,-2.6106602291353056
2004-03-13 11:00:00,168.7306877155381,126.61951518816956,-12.35020290370764
2004-03-13 12:00:00,168.81298983940377,83.28965558109162,-42.10264542049539
2004-03-13 13:00:00,168.89492661739635,-41.65321528825476,26.758288670858406
2004-03-13 14:00:00,168.9764965711524,-69.18326764082789,12.206771069675483
2004-03-13 15:00:00,169.0576980213272,-36.279784736694616,-24.777913284632604
2004-03-13 16:00:00,169.13852915337438,-26.545256654489666,-31.593272498884716
2004-03-13 17:00:00,169.21898844144644,-43.02191369032088,-29.19707475112557
2004-03-13 18:00:00,169.2990748042541,46.077483822359206,-24.376558626613303
2004-03-13 19:00:00,169.3787875975404,72.82642300757313,15.794789394886493
2004-03-13 20:00:00,169.45812647209667,114.47056669679257,0.07130683111077474
2004-03-13 21:00:00,169.5370910035534,100.32620732494662,-0.863298328500008
2004-03-13 22:00:00,169.61568075304032,11.667115682852575,-1.282796435892891
2004-03-13 23:00:00,169.6938953185688,-37.199435102976565,-16.494460215592227
2004-03-14 00:00:00,169.77173438105282,-104.90444645689168,28.13271207583884
2004-03-14 01:00:00,169.84919775064242,-22.776819975927918,-16.07237777471451
2004-03-14 02:00:00,169.92628507389625,-71.13491516578229,-6.791369908113978
2004-03-14 05:00:00,170.0029961377292,-117.90289033818772,-20.100105799541495
2004-03-14 06:00:00,170.07933092403536,-124.25622928214499,-16.82310164189036
2004-03-14 07:00:00,170.15528971811622,-141.30767257895027,-1.8476171391659477
2004-03-14 08:00:00,170.23087308144727,-150.31694312992695,16.086070048479684
2004-03-14 09:00:00,170.30608165153356,-107.64951239740455,-5.6565692541290105
2004-03-14 10:00:00,170.38091597546904,-58.57600690946964,17.195090934000604
2004-03-14 11:00:00,170.4553766281458,-23.187809022166928,0.7324323940211173
2004-03-14 12:00:00,170.5294640746719,-13.47021365298213,-12.059250421689768
2004-03-14 13:00:00,170.60317881292968,-61.64076883213366,-15.962409980796025
2004-03-14 14:00:00,170.676521562738,-94.22144519741555,7.544923634677559
2004-03-14 15:00:00,170.7494932865694,-70.94434909504902,-0.8051441915203839
2004-03-14 16:00:00,170.82209498130737,-2.6114855124948444,-18.21060946881252
2004-03-14 17:00:00,170.8943277527953,4.866440115199187,-19.760767867994502
2004-03-14 18:00:00,170.96619303255022,-66.95457342004775,17.98838038749753
2004-03-14 19:00:00,171.0376925542231,75.74257372279511,15.2197337229818
2004-03-14 20:00:00,171.10882797251756,169.76899445181172,0.12217757567071885
2004-03-14 21:00:00,171.17960082689305,34.16283688431418,8.657562288792775
2004-03-14 22:00:00,171.25001268556784,-71.98406324351596,0.7340505579481089
2004-03-14 23:00:00,171.32006511533908,-93.04705426352234,0.7269891481832644
2004-03-15 00:00:00,171.38975974661395,-131.7167914029567,26.32703165634274
2004-03-15 01:00:00,171.45909823019687,-131.56240612015105,33.10330788995418
2004-03-15 02:00:00,171.5280819430024,-142.38689387038693,36.85881192738452
2004-03-15 05:00:00,171.59671183023767,-128.74094589677787,-3.855765933459793
2004-03-15 06:00:00,171.66498844101693,-132.72310843742267,12.058119996405736
2004-03-15 07:00:00,171.73291228987657,-79.9635933812074,15.230681091330837
2004-03-15 08:00:00,171.80048376833597,163.52138742131424,0.67812881034979
2004-03-15 09:00:00,171.86770309600416,445.4610562747946,0.6712406292012361
2004-03-15 10:00:00,171.9345704754133,265.4010516042799,0.6643779203067766
2004-03-15 11:00:00,172.0010861355098,176.6443939707984,-14.645480106308213
2004-03-15 12:00:00,172.06725038058195,3.9375673062916743,44.99518231312638
2004-03-15 13:00:00,172.1330636184344,18.626584343136404,16.240352038429194
2004-03-15 14:00:00,172.1985258104667,-4.397410823542128,23.198885013075426
2004-03-15 15:00:00,172.26363654464714,13.889995301869424,-1.1536318465165607
2004-03-15 16:00:00,172.32839507565382,-7.72985231119233,-23.598542764461484
2004-03-15 17:00:00,172.39280066255148,30.610153962977833,10.997045374470673
2004-03-15 18:00:00,172.4568528261171,217.7668540132828,80.77629316060009
2004-03-15 19:00:00,172.52055085406474,511.8755657421904,0.6038834037448453
2004-03-15 20:00:00,172.58389330903142,313.95065656856895,51.46545012239963
2004-03-15 21:00:00,172.64687837187125,149.03185671981043,-2.6787350916816877
2004-03-15 22:00:00,172.70950355445711,55.997881792392164,-4.707385346849264
2004-03-15 23:00:00,172.77176615094677,-106.34957675981354,0.5778106088667698
2004-03-16 00:00:00,172.83366339568983,-13.17413986524706,-4.659523530442755
2004-03-16 01:00:00,172.8951924084897,-143.40271577444994,19.507523365960253
2004-03-16 02:00:00,172.95635015696988,-135.4730429098996,-8.483307247070286
2004-03-16 05:00:00,173.0171332084872,-168.6537818066776,12.636648598190419
2004-03-16 06:00:00,173.0775379483819,-113.29806164574107,-32.7794763026408
2004-03-16 07:00:00,173.13756050871018,-103.84531568496655,-19.29224482374363
2004-03-16 08:00:00,173.197197310043,8.666679317779419,36.136123372177565
2004-03-16 09:00:00,173.25644485776164,107.5542731803891,4.189281961849275
2004-03-16 10:00:00,173.31529894722183,268.7433746943988,-5.058673641620658
2004-03-16 11:00:00,173.37375490142617,168.93084718988553,-15.304602091311693
2004-03-16 12:00:00,173.4318078512068,117.77837541596882,-8.210183267175609
2004-03-16 13:00:00,173.48945289783953,192.0075892188919,0.5029578832685786
2004-03-16 14:00:00,173.54668497995212,143.95636196418886,0.4969530558590236
2004-03-16 15:00:00,173.60349864998295,43.620051331361495,10.776450018655567
2004-03-16 16:00:00,173.65988792910804,25.873514039348738,1.4665980315432137
2004-03-16 17:00:00,173.7158460806056,7.985342743240293,17.298811176154118
2004-03-16 18:00:00,173.771365564792,21.499619062677134,41.72901537253085
2004-03-16 19:00:00,173.82643756269132,46.361023027162666,40.812539410146
2004-03-16 20:00:00,173.8810513286399,41.38164054550291,14.737308125857197
2004-03-16 21:00:00,173.9351939800022,131.88644880120285,43.17835721879496
2004-03-16 22:00:00,173.98885057888057,6.410216133519959,2.6009332875994744
2004-03-16 23:00:00,174.04200367786174,-50.76899399430133,-35.27300968356042
2004-03-17 00:00:00,174.09463386334485,-84.35709313616249,-4.737540727182363
2004-03-17 01:00:00,174.1467203424928,-125.2531186956951,-1.8936016467977197
2004-03-17 02:00:00,174.19824027780462,-138.9900201147773,-1.2082201630273062
2004-03-17 05:00:00,174.24916826308234,-147.55745125375873,-15.691717009323611
2004-03-17 06:00:00,174.29947602793303,-144.43131267627058,-11.868163351662446
2004-03-17 07:00:00,174.34913238503762,-103.30120348058252,12.95207109554488
2004-03-17 08:00:00,174.398102673392,71.56085436662461,14.0410429599834
2004-03-17 09:00:00,174.44634761944366,345.5114060206462,14.042246359910166
2004-03-17 10:00:00,174.49382257122087,198.0469319051406,-4.540754476361485
2004-03-17 11:00:00,174.54047698528785,-13.226983992350213,38.686507007062346
2004-03-17 12:00:00,174.58625401876355,9.685838803612837,-39.27209282237638
2004-03-17 13:00:00,174.6310893897546,25.829952621975234,-12.46104201172983
2004-03-17 14:00:00,174.6749123139956,-48.64569507329088,25.970782759295275
2004-03-17 15:00:00,174.71764458547145,-90.22642640508735,18.508781819615905
2004-03-17 16:00:00,174.75919886081505,6.720551106948384,11.52025003223656
2004-03-17 17:00:00,174.7994782328663,-44.23632862198307,3.4368503891167563
2004-03-17 18:00:00,174.8383764195484,152.71721664622385,58.44440693422774
2004-03-17 19:00:00,174.875777977007,-8.747501684832827,410.8717237078258
2004-03-17 20:00:00,174.91155803453236,347.7486100068397,0.3398319586279115
2004-03-17 21:00:00,174.9455848373205,296.72000938802773,0.33440577465177057
2004-03-17 22:00:00,174.9777224612869,2.9973423122436302,28.024935226469466
2004-03-17 23:00:00,175.0078340409418,49.570324914197194,-8.578158955138974
2004-03-18 00:00:00,175.03578593462822,-8.555760508863102,-7.48002542576512
2004-03-18 01:00:00,175.06145532782284,-132.0651660355844,27.00371070776157
2004-03-18 02:00:00,175.01170840057304,-131.31846986121445,0.3067614606414111
2004-03-18 05:00:00,174.9588223025469,-155.25973773723555,0.30091543468864757
2004-03-18 06:00:00,174.90279598753725,-149.1978715067663,0.2950755192290444
2004-03-18 07:00:00,174.84363825153955,-103.40070473741231,6.5570664858727525
2004-03-18 08:00:00,174.7813685416344,143.9352188097783,0.2834126485873014
2004-03-18 09:00:00,174.71601147299484,326.2101052400927,5.073883286912491
2004-03-22 16:00:00,174.64758653173476,276.0806434297742,0.2717700384910131
2004-03-22 17:00:00,174.57611996570856,-20.619447578394514,31.043327612685943
2004-03-22 18:00:00,174.50164503277293,13.098003555106418,238.40035141212067
2004-03-22 19:00:00,174.42419234030876,497.32146874146787,0.2543389182233682
2004-03-22 20:00:00,174.34379901176723,-80.29991727042871,529.9561182586615
2004-03-22 21:00:00,174.2605111215568,-106.90219353940941,257.6416824178526
2004-03-22 22:00:00,174.17438232448012,-71.42573095404036,40.251348629560255
2004-03-22 23:00:00,174.08547147479726,-99.58238080299722,14.496909328199962
2004-03-23 00:00:00,173.9938360363211,-78.25119060841496,-22.742645427906155
2004-03-23 01:00:00,173.8995332930744,-115.87072325161705,-10.028810041457348
2004-03-23 02:00:00,173.8026201894737,-91.50371812158197,-35.29890206789173
2004-03-23 05:00:00,173.7031492790659,-115.61959842839454,-39.08355085067137
2004-03-23 06:00:00,173.60118921299818,-106.54016148639317,-41.061027726605005
2004-03-23 07:00:00,173.49681363053793,-90.64574482550742,-22.851068805030508
2004-03-23 08:00:00,173.39009856722691,-3.6178604253142397,78.22776185808732
2004-03-23 09:00:00,173.28111956263902,-44.08136969273473,405.8002501300957
2004-03-23 10:00:00,173.169949790275,-91.97196296598355,258.80201317570857
2004-03-23 11:00:00,173.05666030240732,-95.40653145743617,247.34987115502886
2004-03-23 12:00:00,172.94132183715774,-74.83393437637082,168.8926125392131
2004-03-23 13:00:00,172.8240078636454,98.69115250260826,53.48483963374636
2004-03-23 14:00:00,172.70480043120415,-92.17902515139922,187.47422472019508
2004-03-23 15:00:00,172.58379262860026,-67.61884021174114,31.03504758314088
2004-03-23 16:00:00,172.46108854144998,-58.67853645082975,4.217447909379786
2004-03-23 17:00:00,172.33679099226174,84.58353105570882,19.079677952029442
2004-03-23 18:00:00,172.21100915802435,174.03344089180038,-195.24445004982474
2004-03-23 19:00:00,172.0838621069958,145.69663855424196,-81.78050066123777
2004-03-23 20:00:00,171.95546687907787,1.7738170777239524,46.27071604319818
2004-03-23 21:00:00,171.82593294534445,-63.01275588006618,-21.813177065278268
2004-03-23 22:00:00,171.6953580396367,-104.44996661991713,13.754608580280433
2004-03-23 23:00:00,171.5638357478864,-99.34896598485778,1.7851302369713835
2004-03-24 00:00:00,171.4314497534078,-117.03230435560486,0.6008546021970744
2004-03-24 01:00:00,171.29827481608197,-115.87443441360635,18.576159597524395
2004-03-24 02:00:00,171.16437087387123,-145.69247467385634,9.528103799985104
2004-03-24 05:00:00,171.02978939777526,-151.14345473651966,0.1136653387443971
2004-03-24 06:00:00,170.89457894878348,-139.62957272312948,0.7349937743460089
2004-03-24 07:00:00,170.75879837526114,-43.7852828870085,-42.973515488252644
2004-03-24 08:00:00,170.62251044606285,19.9929748437207,54.38451471021645
2004-03-24 09:00:00,170.4857960200554,-25.161194576363965,407.67539855630855
2004-03-24 10:00:00,170.3487553620103,-46.68697669052401,326.3382213285137
2004-03-24 11:00:00,170.21149900281475,-43.95220139353745,-8.259297609277297
2004-03-24 12:00:00,170.07413434432684,-27.955858070973505,-24.11827627335333
2004-03-24 13:00:00,169.9367623047477,-27.889453690215138,1.952691385467432
2004-03-24 14:00:00,169.79947572283032,-28.24358563308092,17.444109910250603
2004-03-24 16:00:00,169.6623602981443,-7.019078690895373,67.35671839275108
2004-03-24 17:00:00,169.525494627666,0.7571874351584934,149.71731793717552
2004-03-24 18:00:00,169.38894797640216,17.22278801727446,76.38826400632337
2004-03-24 19:00:00,169.2527831154574,167.5315440255077,219.21567285903487
2004-03-24 20:00:00,169.11706804663496,74.07335095253985,214.8095810008252
2004-03-24 21:00:00,168.98188231328538,7.929583390844698,37.08853429586992
2004-03-24 22:00:00,168.84730887789058,91.99014165505794,-163.83745053294854
2004-03-24 23:00:00,168.71342378873192,-78.1596109213438,-11.553812867388103
2004-03-25 00:00:00,168.58030404586344,-97.16322360457812,9.582919558714678
2004-03-25 01:00:00,168.4480293326584,-114.76673733162231,-1.68129200103607
2004-03-25 02:00:00,168.31666058965519,-129.41973463755542,-0.8969259520997639
2004-03-25 04:00:00,168.18623956501213,-143.8288657311387,4.6426261661265755
2004-03-25 05:00:00,168.05679363313396,-142.3036566327147,-4.753137000419258
2004-03-25 06:00:00,167.9283417100672,-94.42674658610579,-27.50159512396141
2004-03-25 07:00:00,167.80089870475322,-37.317532578757245,-75.48336612599599
2004-03-25 08:00:00,167.6744746459018,-51.4393346015015,154.76485995559972
2004-03-25 09:00:00,167.5490747052603,61.58376339784468,204.86716189689503
2004-03-25 10:00:00,167.42469828297092,41.673709047771624,90.90159266925744
2004-03-25 11:00:00,167.3013472460668,-29.749076457367376,-21.552270788699417
2004-03-25 12:00:00,167.17904266428516,-48.58397397188995,-23.595068692395216
2004-03-25 13:00:00,167.05782172494344,-51.515351434028055,95.45752970908461
2004-03-25 14:00:00,166.93771977468822,-60.167198445067356,61.22947867037914
2004-03-25 15:00:00,166.81876266171614,-73.48449524587805,60.66573258416193
2004-03-25 16:00:00,166.70096947393333,-6.178223941476438,106.47725446754313
2004-03-25 17:00:00,166.584349562307,0.9282492184703948,-24.51259878077741
2004-03-25 18:00:00,166.46890834553113,31.973035586381197,175.5580560680877
2004-03-25 19:00:00,166.3546678840287,25.027391694908466,605.6179404210628
2004-03-25 20:00:00,166.24166102908723,-36.92394027022393,568.6822792411367
2004-03-25 21:00:00,166.12991571558916,-64.26489897615087,132.13498326056174
2004-03-25 22:00:00,166.01946764569342,-18.322961475827764,-43.69650616986566
2004-03-25 23:00:00,165.91035269638516,106.20220584644477,-205.11255854282993
2004-03-26 00:00:00,165.80261091296381,-90.18511654399089,12.382505631027072
2004-03-26 01:00:00,165.6962815952414,-120.8251839279874,34.12890233274598
2004-03-26 02:00:00,165.59139597478483,-132.99646897117137,28.405072996386536
2004-03-26 04:00:00,165.48797186450014,-134.0594027578119,8.57143089331177
2004-03-26 05:00:00,165.38601579354722,-90.20746585779828,-23.17854993574892
2004-03-26 06:00:00,165.28552414921612,-111.93575421963145,10.650230070415347
2004-03-26 07:00:00,165.18648273193457,-52.80009320003478,-24.386389531899795
2004-03-26 08:00:00,165.08886663158728,-24.312593798922638,234.22372716733537
2004-03-26 09:00:00,164.99265210265673,13.93003862119148,413.0773092761518
2004-03-26 10:00:00,164.89783371585008,7.007512471233157,185.09465381291676
2004-03-26 11:00:00,164.804403406638,-57.05518400725463,188.25078060061665
2004-03-26 12:00:00,164.71234523579636,14.13380542996562,2.153849334238032
2004-03-26 13:00:00,164.62163524621795,-19.583578491263548,65.9619432450456
2004-03-26 14:00:00,164.53224184703845,-26.4685492873766,60.93630744033814
2004-03-26 15:00:00,164.44412739828365,-70.90232701929047,-12.541800378993202
2004-03-26 16:00:00,164.3572510076686,-9.10926116441346,-12.24798984325514
2004-03-26 17:00:00,164.27157204508896,92.9479807708572,-10.219552815946173
2004-03-26 18:00:00,164.1870529007258,105.68544750051468,-30.872500401240472
2004-03-26 19:00:00,164.10368229000215,-119.20248617873608,222.09880388873393
2004-03-26 20:00:00,164.02147652889082,-119.6601877428671,216.63871121397628
2004-03-26 21:00:00,163.9404553005736,1.3824492058239017,-68.3229045063975
2004-03-26 22:00:00,163.86062968182074,-43.39916809805316,-54.46146158376757
2004-03-26 23:00:00,163.7819966484955,-35.635037081101,-68.1469595673945
2004-03-27 00:00:00,163.70453795890083,-97.99064158244546,11.28610362354462
2004-03-27 01:00:00,163.6282316758809,-60.22473309948779,-46.403498576393105
2004-03-27 02:00:00,163.55305906035335,-69.59161283924557,-28.961446221107792
2004-03-27 05:00:00,163.47902181610067,121.1406119708913,-257.619633786992
2004-03-27 06:00:00,163.406137701119,386.9342541647365,-525.3403918658555
2004-03-27 07:00:00,163.33441751411695,263.7280649509854,-385.06248246510233
2004-03-27 08:00:00,163.26387115285618,203.41936149018665,-288.68323264304286
2004-03-27 09:00:00,163.19452877635476,16.17855399045609,-51.37308276681085
2004-03-27 10:00:00,163.12642046077679,148.62821525979706,-127.75463572057384
2004-03-27 11:00:00,163.0595764041062,15.715842890802758,-22.775419294908943
2004-03-27 12:00:00,162.994028686186,-5.740347796369991,18.746319110184004
2004-03-27 13:00:00,162.9298285744404,3.5846964730592776,65.48547495250034
2004-03-27 14:00:00,162.86703177271076,-36.257600051517784,178.39056827880702
2004-03-27 15:00:00,162.8056840858683,66.02060246764286,-78.82628655351117
2004-03-27 16:00:00,162.74582503682348,336.6300469555014,-311.3758719923249
2004-03-27 17:00:00,162.68749483454226,139.91743215417873,-81.60492698872099
2004-03-27 18:00:00,162.63074887691275,51.89167611064412,4.47757501244314
2004-03-27 19:00:00,162.57563291882468,-16.36507907547676,159.7894461566521
2004-03-27 20:00:00,162.522179159998,-119.93671122979435,227.41453206979637
2004-03-27 21:00:00,162.47040896857933,57.466697831583964,11.062893199836708
2004-03-27 22:00:00,162.42032577810213,90.09304102740593,-127.51336680550806
2004-03-27 23:00:00,162.37191278466278,-31.19174616117319,-9.180166623489583
2004-03-28 00:00:00,162.32513670552584,25.12803952235492,-26.45317622788076
2004-03-28 01:00:00,162.27994468247778,-118.36989969002788,57.08995500755009
2004-03-28 02:00:00,162.2362756982633,-79.37854642698154,12.142270728718216
2004-03-28 04:00:00,162.19405888436432,27.189621255794133,-93.38368014015846
2004-03-28 05:00:00,162.1532193004501,62.75469529624969,-170.9079145966998
2004-03-28 06:00:00,162.1136824533433,276.1277199770541,-375.2414024303974
2004-03-28 07:00:00,162.07537582109464,199.9732632257655,-290.0486390468601
2004-03-28 08:00:00,162.03823252388793,190.77649063882788,-261.81472316271584
2004-03-28 09:00:00,162.00219849101407,229.13224435670756,-264.13444284772163
2004-03-28 10:00:00,161.96725165278443,236.1811247642493,-205.14837641703372
2004-03-28 11:00:00,161.9333910605556,16.048506856153512,10.01810208329087
2004-03-28 12:00:00,161.9006195409028,-18.464968377017883,7.5643488361151014
2004-03-28 13:00:00,161.86894879437156,-46.92359613386494,-11.945352660506614
2004-03-28 14:00:00,161.83839526773596,-53.99392215041337,-52.84447311732259
2004-03-28 15:00:00,161.808975718064,-19.499305968400478,-38.30966974966353
2004-03-28 16:00:00,161.78072222697776,-37.257352233295585,-8.523369993682167
2004-03-28 17:00:00,161.75368739112847,11.403815439110023,-80.15750283023849
2004-03-28 18:00:00,161.72793598105469,-65.07569208515396,-3.652243895900739
2004-03-28 19:00:00,161.70353101548602,-71.79202738222546,65.08849636673943
2004-03-28 20:00:00,161.68052453320496,-38.44438276711388,-8.236141766091066
2004-03-28 21:00:00,161.65894292662364,-70.97025830685625,-15.6886846197674
2004-03-28 22:00:00,161.6387979130437,-100.07401974747448,3.4352218344307914
2004-03-28 23:00:00,161.62009014776697,-105.93747662667626,1.3173864789092704
2004-03-29 00:00:00,161.60279862427302,-116.97106589297046,-4.631732731302577
2004-03-29 01:00:00,161.5868757555155,-97.8530666949788,-36.7338090605367
2004-03-29 02:00:00,161.57226268642097,57.538222767691174,-196.11048545411214
2004-03-29 04:00:00,161.5589005632116,204.15908747466776,-344.71798803787937
2004-03-29 05:00:00,161.5467303760275,126.0143178842453,-254.5610482602728
2004-03-29 06:00:00,161.53569865981868,-29.086896387003563,-92.44880227281512
2004-03-29 07:00:00,161.52578206271687,77.17099773535419,40.30322020192892
2004-03-29 08:00:00,161.51698287985857,78.98328871223956,502.4997284079019
2004-03-29 09:00:00,161.50931050222738,26.554808151475886,-41.06411865370326
2004-03-29 10:00:00,161.50279920634011,-58.313355204638675,-6.189444001701446
2004-03-29 11:00:00,161.49751464945655,-27.333599302614026,-16.163915346842515
2004-03-29 12:00:00,161.49353154316037,-65.77046246331922,-4.723069079841139
2004-03-29 13:00:00,161.49089856729674,51.51080303481197,-67.00170160210871
2004-03-29 14:00:00,161.4896466855987,-40.179310940908486,17.689664255309793
2004-03-29 15:00:00,161.48981369742137,367.5610798844317,-374.0508935818531
2004-03-29 16:00:00,161.49143842063398,300.7080564607915,-334.1994948814255
2004-03-29 17:00:00,161.49457703592242,42.53401666593756,-38.028593701859975
2004-03-29 18:00:00,161.49930328360517,122.71878823241519,14.781908483979635
2004-03-29 19:00:00,161.5056852421769,171.44712204727162,-169.95280728944851
2004-03-29 20:00:00,161.51376757120778,27.654083712028086,-35.16785128323586
2004-03-29 21:00:00,161.52359017389423,111.50260386515521,-193.02619403904944
2004-03-29 22:00:00,161.53519448789496,108.7036379156535,-212.23883240354846
2004-03-29 23:00:00,161.5486003354954,121.54811804751871,-228.0967183830141
2004-03-30 00:00:00,161.56381068341125,62.256891159844685,-190.82070184325593
2004-03-30 01:00:00,161.58082200078587,65.24259590407979,-193.82341790486566
2004-03-30 02:00:00,161.59962463337297,190.81878735149124,-320.4184119848642
2004-03-30 05:00:00,161.62020037644962,172.61105213678374,-308.23125251323336
2004-03-30 06:00:00,161.64254098546363,-26.94774062355298,-48.69480036191064
2004-03-30 07:00:00,161.6666576074008,52.31429177408292,80.0190506185163
2004-03-30 08:00:00,161.6925510270726,309.1773565244152,193.13009244851222
2004-03-30 09:00:00,161.72021305371354,-79.91179075031556,613.1915776966019
2004-03-30 10:00:00,161.74963134570984,-101.22779988375935,674.4781685380494
2004-03-30 11:00:00,161.78078682711822,-46.190981954507684,533.4101951273894
2004-03-30 12:00:00,161.8136500357453,-67.63669652734225,491.8230464915969
2004-03-30 13:00:00,161.84820010693036,-2.6683592829485274,386.82015917601814
2004-03-30 14:00:00,161.88441002929937,-77.86636493374691,160.98195490444755
2004-03-30 15:00:00,161.92225180632335,-16.975827996819746,33.053576190496415
2004-03-30 16:00:00,161.96169761512104,-63.10655243149669,31.14485481637564
2004-03-30 17:00:00,162.00271970498747,-69.35336369857548,58.35064399358802
2004-03-30 18:00:00,162.04530404595377,-67.39281887485127,177.34751482889752
2004-03-30 19:00:00,162.08945809072935,13.17992117913191,125.73062073013875
2004-03-30 20:00:00,162.13521143239703,-14.782012930395899,89.64680149799887
2004-03-30 21:00:00,162.18260766867826,-64.49820312687825,-2.6844045418000064
2004-03-30 22:00:00,162.23167468733521,-78.14015743061296,-16.091517256722256
2004-03-30 23:00:00,162.28242429357047,-30.633655459208597,-30.648768834361874
2004-03-31 00:00:00,162.33484099315558,160.18324209184075,-241.51808308499633
2004-03-31 01:00:00,162.38890797807605,-89.99416930794955,-22.394738670126486
2004-03-31 02:00:00,162.44459213538403,-84.65911920055999,-11.785472934824043
2004-03-31 04:00:00,162.50186130155927,-91.40808041621234,-53.09378088534693
2004-03-31 05:00:00,162.56069672128737,16.173416827500116,-147.7341135487875
2004-03-31 06:00:00,162.62108740208984,58.01337693473848,-163.63446433682833
2004-03-31 07:00:00,162.68303252934427,66.44849852718858,112.86846894346715
2004-03-31 08:00:00,162.7465505154706,-62.565615721577096,543.8190652061064
2004-03-31 09:00:00,162.81164887872708,-22.96939126522403,76.15774238649695
2004-03-31 10:00:00,162.87831389186852,-108.53528946696515,62.656975575096624
2004-03-31 11:00:00,162.94652013185112,-114.76580680163495,107.81928666978382
2004-03-31 12:00:00,163.01625107095663,-126.87220684222989,295.8559557712733
2004-03-31 13:00:00,163.08750269686396,-122.25800835255122,191.17050565568724
2004-03-31 14:00:00,163.16028630035234,-141.37597373041825,273.21568743006594
2004-03-31 15:00:00,163.23462300626568,-154.63446024208025,377.3998372358145
2004-03-31 16:00:00,163.31054094401182,-149.07431799734655,263.7637770533347
2004-03-31 17:00:00,163.38808165629655,-99.18837255383058,198.800290897534
2004-03-31 18:00:00,163.46728758879726,-33.2056069583809,191.73831936958362
2004-03-31 19:00:00,163.54819618438466,-58.517765814233286,120.96956962984859
2004-03-31 20:00:00,163.6308385538001,-51.30691745483873,108.67607890103866
2004-03-31 21:00:00,163.71525073351853,-59.17848882587467,4.463238092356136
2004-03-31 22:00:00,163.80147553874045,-26.39598324539124,-32.4054922933492
2004-03-31 23:00:00,163.88956333665115,-63.58428171608027,-16.305281620570867
2004-04-01 00:00:00,163.97957999646974,-70.02347478421854,12.043894787748798
2004-04-01 01:00:00,164.07159146351927,11.54353144475716,-75.61512290827643
2004-04-01 02:00:00,164.16566403287493,-51.54542061389941,-41.62024341897552
2004-04-01 04:00:00,164.2618712081912,-55.185950446563645,-65.07592076162754
2004-04-01 05:00:00,164.36028781981875,20.62191033418832,-139.98219815400708
2004-04-01 06:00:00,164.4609832097517,-14.498435076030916,-15.962548133720787
2004-04-01 07:00:00,164.5640185100126,-56.26448430807491,396.7004657980623
2004-04-01 08:00:00,164.66945098899146,-13.81642769084223,891.1469767018507
2004-04-01 09:00:00,164.7773143176869,-100.26166222274118,672.4843479050543
2004-04-01 10:00:00,164.88759941326876,-93.84069818216265,303.95309876889394
2004-04-01 11:00:00,165.00027077290332,-121.8444782063441,80.84420743344077
2004-04-01 12:00:00,165.11527238179204,-135.45305246810648,107.33778008631444
2004-04-01 13:00:00,165.232529764821,-149.37259689232388,163.14006712750287
2004-04-01 17:00:00,165.3519515754327,-157.60649750034187,380.25454592490917
2004-04-01 18:00:00,165.47343341053346,-129.77476708817144,553.301333677638
2004-04-01 19:00:00,165.5968887226026,-108.6598615709057,783.0629728483032
2004-04-01 20:00:00,165.7222518323766,-95.58232945970396,584.8600776273273
2004-04-01 21:00:00,165.84946847231606,-2.6947037644082394,90.84523529209218
2004-04-01 22:00:00,165.9784836680399,-0.9774963182121605,22.99901265017226
2004-04-01 23:00:00,166.10921693596813,-4.776580730761257,-41.33263620520688
2004-04-02 00:00:00,166.24157100328503,-26.522584123101016,17.28101311981598
2004-04-02 01:00:00,166.37544198176158,-63.11949855284619,-15.255943428915401
2004-04-02 02:00:00,166.51072030227556,-93.14633865809874,-5.364381644176831
2004-04-02 05:00:00,166.64729083463686,-103.09900732786835,-12.548283506768513
2004-04-02 06:00:00,166.78501542291576,-56.49401108386349,-17.29100433905228
2004-04-02 07:00:00,166.92374266602909,-72.65443497275398,189.73069230672488
2004-04-02 08:00:00,167.06332102555805,-50.631019177176704,369.56769815161863
2004-04-02 09:00:00,167.2035993986096,-50.28603317765781,681.0824337790482
2004-04-02 10:00:00,167.3444304348243,-85.53522854043284,442.19079810560856
2004-04-02 11:00:00,167.48567415397486,-87.04302108372593,387.55734692975113
2004-04-02 12:00:00,167.627184547546,75.02441021698195,211.34840523547206
2004-04-02 13:00:00,167.768813548107,226.4950149312458,66.73617152064719
2004-04-02 14:00:00,167.91041162864775,-108.5816624977008,331.67125086905304
2004-04-02 15:00:00,168.05183137367172,-122.35302890533276,291.30119753166105
2004-04-02 16:00:00,168.19293540681264,-140.56227170513986,269.36933629832726
2004-04-02 17:00:00,168.33359942388316,-123.00175406455672,542.6681546406736
2004-04-02 18:00:00,168.47371181066924,-25.790957385131076,578.3172455744618
2004-04-02 19:00:00,168.61318534372896,-115.52232427842343,656.9091389346945
2004-04-02 20:00:00,168.75197492435314,-47.3626174023956,665.6106424780425
2004-04-02 21:00:00,168.89006986014368,-25.54925615164367,271.65918629149996
2004-04-02 22:00:00,169.02747009666385,34.602776138921186,41.36975376441498
2004-04-02 23:00:00,169.16418061038016,75.37985596016478,49.45596342945507
2004-04-03 00:00:00,169.30020768759985,-16.32754433426907,-13.972663353330773
2004-04-03 01:00:00,169.43555255245212,98.62601609059266,-170.06156864304478
2004-04-03 02:00:00,169.57021890977703,-32.02527606599113,-49.54494284378589
2004-04-03 04:00:00,169.70420726509093,-55.92509994580368,-56.77910731928725
2004-04-03 05:00:00,169.83750958022554,-73.3918702974956,-39.44563928272996
2004-04-03 06:00:00,169.97010818081563,-86.33892033800791,-23.63118784280772
2004-04-03 07:00:00,170.10197905394003,12.915193400451887,16.982827545608075
2004-04-03 08:00:00,170.23310705712996,174.17997797694812,106.58691496592192
2004-04-03 09:00:00,170.36346985196928,-166.47475871771894,418.11128886574966
2004-04-05 10:00:00,170.4930403239146,-146.31956907296092,399.8265287490463
2004-04-05 11:00:00,170.62178725621908,133.60277074943286,34.77544199434806
2004-04-05 12:00:00,170.74968073645226,52.239317058176255,222.01100220537148
2004-04-05 13:00:00,170.87669368335844,78.0166244322507,286.10668188439087
2004-04-05 14:00:00,171.0028107128063,-63.22236360220094,170.21955288939466
2004-04-05 15:00:00,171.1280135403648,3.656168094549925,81.21581836508528
2004-04-05 16:00:00,171.25227081877426,-56.812583166819216,130.56031234804493
2004-04-05 17:00:00,171.3755468270015,78.76548918473222,207.85896398826625
2004-04-05 18:00:00,171.4978178163988,328.42029634227794,210.08188584132327
2004-04-05 19:00:00,171.61908536449135,262.07505005958916,244.3058645759195
2004-04-05 20:00:00,171.73935383002544,225.81467094267308,38.44597522730149
2004-04-05 21:00:00,171.85860674344983,43.82321483321304,-37.681821576662855
2004-04-05 22:00:00,171.97681763181433,273.33720198047274,-285.3140196122871
2004-04-05 23:00:00,172.0939435921324,40.355004326985345,-35.44894791911776
2004-04-06 00:00:00,172.20993910744417,-22.193340038536903,-49.01659906890727
2004-04-06 01:00:00,172.32476633388524,18.23559339217212,-124.56035972605736
2004-04-06 02:00:00,172.43839284506464,-97.77359554253175,-34.66479730253289
2004-04-06 04:00:00,172.55079833056115,-64.99935696156844,-68.55144136899271
2004-04-06 05:00:00,172.66196169746416,161.46533250463395,-272.12729420209814
2004-04-06 06:00:00,172.77186630430623,-20.532950920304597,-32.23891538400164
2004-04-06 07:00:00,172.88050627253622,-46.1647973336506,472.28429106111435
2004-04-06 08:00:00,172.98790902359187,-87.54745013217492,998.559541108583
2004-04-06 09:00:00,173.09412743467573,-133.4182144113707,736.3240869766951
2004-04-06 10:00:00,173.19921102388722,130.72009422190112,166.08069475421163
2004-04-06 11:00:00,173.30321602627467,319.0569915387021,-323.3602075649768
2004-04-06 12:00:00,173.40620721181128,59.68407722488306,70.90971556330567
2004-04-06 13:00:00,173.5082530252711,223.98631046292445,7.505436511804447
2004-04-06 14:00:00,173.60942258293107,-130.86713075540615,254.25770817247508
2004-04-06 15:00:00,173.70978807243694,-69.58740457693023,115.87761650449329
2004-04-06 16:00:00,173.8094273721191,51.4126161125417,0.7779565153392127
2004-04-06 17:00:00,173.90842973424589,19.16679259497184,262.92477767078225
2004-04-06 18:00:00,174.0068968008105,280.78348260498694,15.209620594202562
2004-04-06 19:00:00,174.10492977541188,223.88354406544238,105.01152615914575
2004-04-06 20:00:00,174.20261000244173,259.4424846812466,25.354905316311687
2004-04-06 21:00:00,174.30000302051528,266.42689937424973,-213.726902394765
2004-04-06 22:00:00,174.39716551522685,328.5804604230017,-350.9776259382285
2004-04-06 23:00:00,174.49413459941618,-1.8487573101532868,-78.6453772892629
2004-04-07 00:00:00,174.5909502667461,-58.067310793058226,-23.523639473687865
2004-04-07 01:00:00,174.68768060258958,-91.51665341651898,-34.1710271860706
2004-04-07 02:00:00,174.78439950246698,-116.17139135974772,-28.61300814271928
2004-04-07 04:00:00,174.8811781385392,-77.53519990171174,-67.34597823682748
2004-04-07 05:00:00,174.97809678666792,-107.85525941242284,-35.12283737424508
2004-04-07 06:00:00,175.07524786872565,-99.0983541300816,-16.976893738644065
2004-04-07 07:00:00,175.1727291317385,-135.69156219826152,237.51883306652303
2004-04-07 08:00:00,175.27063112671274,-99.88925749176684,378.61862636505407
2004-04-07 09:00:00,175.36904407469248,-0.8156780624596218,36.44663398776714
2004-04-07 10:00:00,175.46805751614073,-25.79494583581284,46.32688831967209
2004-04-07 11:00:00,175.56775532556634,-60.66474416052289,-4.903011165043438
2004-04-07 12:00:00,175.668205092338,-79.20457835485794,67.53637326251993
2004-04-07 13:00:00,175.76948917283414,-104.03913744383517,79.26964827100102
2004-04-07 14:00:00,175.87169444151237,-95.87150735927733,31.999812917764956
2004-04-07 15:00:00,175.97489265615846,41.942548570541206,-100.91744122669967
2004-04-07 16:00:00,176.07914905919802,61.19774399770819,-117.2768930569062
2004-04-07 17:00:00,176.18452708410797,54.77457098977516,20.040901926116874
2004-04-07 18:00:00,176.29108707236324,-47.19811391044872,305.90702683808547
2004-04-07 19:00:00,176.3988716059583,128.7458408221721,39.85528757186958
2004-04-07 20:00:00,176.50792638054028,125.79651854679368,40.69555507266605
2004-04-07 21:00:00,176.61829576880478,108.74050871242265,-223.35880448122742
2004-04-07 22:00:00,176.73001689186964,-10.250622613185337,-96.4793942786843
2004-04-07 23:00:00,176.84311489874298,-58.0097058672975,-4.833409031445484
2004-04-08 00:00:00,176.95762299121478,-86.14669521596304,-2.8109277752517414
2004-04-08 01:00:00,177.07357987503886,-31.031119659704746,-51.04246021533412
2004-04-08 02:00:00,177.19101381446362,-59.43236271670231,-34.758651097761316
2004-04-08 05:00:00,177.30994824005853,387.6063778758981,-496.9163261159566
2004-04-08 06:00:00,177.43040328569893,304.9280672223703,-423.3584705080692
2004-04-08 07:00:00,177.5523947839997,110.15275709677472,-61.70515188077441
2004-04-08 08:00:00,177.67593447912327,189.93709707044283,434.38696845043387
2004-04-08 09:00:00,177.8010317475382,333.93985043713354,73.25911781532827
2004-04-08 10:00:00,177.9276904698268,216.6602328408187,-70.58792331064552
2004-04-08 11:00:00,178.05590316324387,354.5479892030688,-224.6038923663127
2004-04-08 12:00:00,178.18564953487328,372.8891278518798,-313.07477738675306
2004-04-08 13:00:00,178.31692122558422,392.51380248384487,-269.8307237094291
2004-04-08 14:00:00,178.4497105329804,243.46804393875755,-127.91775447173794
2004-04-08 15:00:00,178.58401001669617,-13.235835894544058,187.65182587784787
2004-04-08 16:00:00,178.71981608755684,65.42765371574471,-35.14746980330156
2004-04-08 17:00:00,178.85713122812592,69.34926436831823,289.79360440355583
2004-04-08 18:00:00,178.99596016671734,-18.67249200665004,647.6765318399327
2004-04-08 19:00:00,179.13630532447746,45.23176550125372,749.6319291742689
2004-04-08 20:00:00,179.27817751555344,121.22981867406176,243.49200381038477
2004-04-08 21:00:00,179.42160706823333,-105.47916863696621,64.0575615687329
2004-04-08 22:00:00,179.5666468740244,-103.74264022818909,16.17599335416469
2004-04-09 23:00:00,179.7133724689321,-52.34830419807951,41.63493172914741
2004-04-10 00:00:00,179.86187170143495,-17.253612660289647,-85.6082590411453
2004-04-10 01:00:00,180.01225105352586,84.04660691308956,-166.05885796661542
2004-04-10 02:00:00,180.16464739747175,-15.75912185465376,-62.405525542818
2004-04-10 04:00:00,180.31921069621444,52.441959058257915,-163.76116975447235
2004-04-10 05:00:00,180.47609593108834,10.705596875447972,-102.1816928065363
2004-04-10 06:00:00,180.6354533441909,-34.27517534572836,-12.360277998462522
2004-04-10 07:00:00,180.79743400861364,-43.388772925404254,19.59133891679062
2004-04-10 08:00:00,180.9621804721134,-10.745933036442766,-3.216247435670624
2004-04-10 09:00:00,181.12982605703414,-15.943794756319974,-8.186031300714177
2004-04-10 10:00:00,181.30048867129779,-56.42618978740859,47.125701116110804
2004-04-10 11:00:00,181.47428551655128,-37.219761393545305,-30.25452412300598
2004-04-10 12:00:00,181.65133211796496,62.947375217678285,-78.59870733564324
2004-04-10 13:00:00,181.83176155588382,199.39261604733056,-287.2243776032144
2004-04-10 14:00:00,182.0157166635337,-74.2173637298256,0.20164706629188345
2004-04-10 15:00:00,182.20336164477754,-122.91334144728822,38.709979802510674
2004-04-10 16:00:00,182.3948778433376,-127.19708214450576,76.80220430116816
2004-04-10 17:00:00,182.59045109656327,-66.96254502460582,28.372093928042545
2004-04-10 18:00:00,182.79025710464876,-57.16042595587829,39.37016885122952
2004-04-10 19:00:00,182.99445696547315,-34.47441330356185,61.4799563380887
2004-04-10 20:00:00,183.20319402763633,-146.8498946827333,240.64670065509696
2004-04-10 21:00:00,183.41660524985568,11.361890240861895,-26.778495490717575
2004-04-10 22:00:00,183.63482724632567,-152.4299845369897,216.79515729066404
2004-04-10 23:00:00,183.85798769609158,-159.01981693283096,210.16182923673938
2004-04-11 00:00:00,184.08620238138224,-157.69968678013353,57.6134843987513
2004-04-11 01:00:00,184.3195740664914,-152.6325919077277,43.313017841236274
2004-04-11 02:00:00,184.55819064760004,-153.01139132983917,30.453200682239128
2004-04-11 05:00:00,184.80211840249638,-166.36049438679152,19.55837598429514
2004-04-11 06:00:00,185.0513930236935,-170.75641360364304,29.705020579949547
2004-04-11 07:00:00,185.30601664872043,-148.46124083093432,23.155224182213885
2004-04-11 08:00:00,185.56597128297037,-112.42472700475777,14.85875572178739
2004-04-11 09:00:00,185.8312038655312,-115.67273281631334,-0.1584710492178658
2004-04-11 10:00:00,186.10163085989691,-78.84469407679063,-13.256936783106283
2004-04-11 11:00:00,186.37714080352535,-82.83455269221764,22.45741188869229
2004-04-11 12:00:00,186.65759473406322,-1.4088905554317497,-4.2487041786314705
2004-04-11 13:00:00,186.9428309078376,-78.20498639744896,-42.73784451038861
2004-04-11 14:00:00,187.23267221275736,-119.84079381773421,-13.391878395023156
2004-04-11 15:00:00,187.52693187745243,40.54994242843102,-180.07687430588345
2004-04-11 16:00:00,187.82541242595323,-62.31211652382021,-59.513295902133024
2004-04-11 17:00:00,188.12791077906414,-131.1155958396774,7.987685060613273
2004-04-11 18:00:00,188.43423268358183,-110.27152638106483,-10.162706302516995
2004-04-11 19:00:00,188.744191652866,-111.351201856127,40.60701020326101
2004-04-11 20:00:00,189.05760182831278,-142.48769476353547,18.43009293522269
2004-04-11 21:00:00,189.37427303152597,-115.18912653965853,-11.185146491867442
2004-04-11 22:00:00,189.69402218958672,-112.49393329466325,-16.200088894923482
2004-04-11 23:00:00,190.016680386859,-77.32285869396026,-49.69382169289875
2004-04-12 00:00:00,190.34208969257017,-145.49959463740228,-13.842495055167888
2004-04-12 01:00:00,190.67011754199825,-157.69565164809856,-3.9744658938996906
2004-04-12 02:00:00,191.00065793063544,-158.42527445290946,1.4246165222740217
2004-04-12 04:00:00,191.3336127194152,-165.53137132952787,-16.802241389887342
2004-04-12 05:00:00,191.6688943467857,-141.9692333719579,-35.69966097482779
2004-04-12 06:00:00,192.00641492838687,-149.05628498305833,-19.95012994532854
2004-04-12 07:00:00,192.3460894413943,-137.28892790229742,-19.05716153909688
2004-04-12 08:00:00,192.6878429168753,-76.65945336777646,-77.02838954909883
2004-04-12 09:00:00,193.0316133925151,-60.388178426092054,-94.64343496642306
2004-04-12 10:00:00,193.37735407187708,54.919367742765246,-193.29672181464232
2004-04-12 11:00:00,193.72502190524503,9.605450093718709,-128.33047199896373
2004-04-12 12:00:00,194.07457189857874,-69.89628272516782,-60.17828917341092
2004-04-12 13:00:00,194.42596153041995,-139.18356897498273,-16.24239255543722
2004-04-12 14:00:00,194.77915679437857,-145.7703139526549,-7.008842841723663
2004-04-12 15:00:00,195.1341367137626,-124.1014816453769,6.967344931614321
2004-04-12 16:00:00,195.49089976844505,-145.26471990668026,18.77382013823521
2004-04-12 17:00:00,195.84945129033306,-139.49466206636998,10.645210776036919
2004-04-12 18:00:00,196.20979999942762,-138.51461374360758,25.304813744179967
2004-04-12 19:00:00,196.5719577506126,-150.18557957905335,32.613621828440756
2004-04-12 20:00:00,196.93593583172213,-126.23993750637122,-2.6959983253508994
2004-04-12 21:00:00,197.30174421142058,186.8717035121263,-328.1734477235469
2004-04-12 22:00:00,197.66939526442636,300.78909883060726,-449.45849409503364
2004-04-12 23:00:00,198.03889705524537,-127.36880524060462,-14.670091814640756
2004-04-13 00:00:00,198.41025249001947,-130.16764685611219,-20.24260563390729
2004-04-13 01:00:00,198.78347058753602,-152.94354423726082,-18.839926350275192
2004-04-13 02:00:00,199.15856754741458,-92.69431800418687,-77.46424954322771
2004-04-13 04:00:00,199.53555733450307,48.64225624682717,-201.17781358133024
2004-04-13 05:00:00,199.91444421455572,-118.71166813416494,-15.202776080390777
2004-04-13 06:00:00,200.2952154683646,-31.813808198272643,-5.48140727009195
2004-04-13 07:00:00,200.67784582145376,-27.525708673058478,350.84786285160476
2004-04-13 08:00:00,201.0623009093577,19.467274495623304,436.470424595019
2004-04-13 09:00:00,201.4485396749778,103.15831345182636,19.393146873195832
2004-04-13 10:00:00,201.83653105530013,57.34357326344432,-115.18010431874444
2004-04-13 11:00:00,202.22625780257417,181.32379690092898,-248.55005470350315
2004-04-13 12:00:00,202.6177090089214,-37.138097796730314,-25.479611212191088
2004-04-13 13:00:00,203.01088216205216,-99.6043139532347,37.593431791182525
2004-04-13 14:00:00,203.40578770413305,-73.96776503358815,51.56197732945509
2004-04-13 15:00:00,203.80243600207476,-143.89116322813047,167.08872722605574
2004-04-13 16:00:00,204.2008318560241,-83.61176970891573,28.410937852891635
2004-04-13 17:00:00,204.60097775642373,241.3354593657959,-20.936437122219644
2004-04-13 18:00:00,205.00288365317056,-214.54093249264017,678.5380488394696
2004-04-13 19:00:00,205.4065627919405,-173.7854157435721,648.3788529516316
2004-04-13 20:00:00,205.81203390374256,285.8508975589499,-45.662931462692455
2004-04-13 21:00:00,206.21931735089692,169.78171042211233,-171.00102777300924
2004-04-13 22:00:00,206.62844178191958,216.96019422896705,-229.58863601088663
2004-04-13 23:00:00,207.03944634073324,-10.261150873389761,-81.77829546734347
2004-04-14 00:00:00,207.45236741709098,51.69639889828393,-185.14876631537493
2004-04-14 01:00:00,207.8672419779793,-22.161739683509566,-100.70550229446972
2004-04-14 02:00:00,208.2840985299224,35.50013987754749,-177.7842384074699
2004-04-14 05:00:00,208.70295560536,269.004796516512,-430.707752121872
2004-04-14 06:00:00,209.12382397043004,259.50935190338635,-352.6331758738164
2004-04-14 07:00:00,209.54670983177016,187.9277297118069,80.52556045642291
2004-04-14 08:00:00,209.9716128009847,116.6538208394672,509.37456635954806
2004-04-14 09:00:00,210.39852565300814,393.62492474646336,50.9765496005285
2004-04-14 10:00:00,210.82743690821908,81.72517183174686,19.44739126003404
2004-04-14 11:00:00,211.2583319311761,-35.080064573229954,18.82173264205386
2004-04-14 12:00:00,211.69118631140827,21.468795436894627,4.840018251697103
2004-04-15 09:00:00,212.12596928945018,-131.99559734413342,455.8696280546833
2004-04-15 10:00:00,212.56264039305879,-126.36315956558084,394.80051917252206
2004-04-15 11:00:00,213.00115237007768,-14.704006560318575,261.70285419024094
2004-04-15 12:00:00,213.44146621509125,-130.88241419955125,514.44094798446
2004-04-15 13:00:00,213.88354040554663,-147.52841600400797,398.6448755984614
2004-04-15 14:00:00,214.32732987965264,-165.77201253334573,493.4446826536931
2004-04-15 15:00:00,214.7727904175932,-147.94011083552715,370.16732041793387
2004-04-15 16:00:00,215.21987769140583,214.80182164694207,-47.0216993383479
2004-04-15 17:00:00,215.66854339250483,564.5417865321732,-2.2103299246780352
2004-04-15 18:00:00,216.11875293707678,119.1994650239525,590.6817820389707
2004-04-15 19:00:00,216.57049378404113,433.38485922873787,539.044646987221
2004-04-15 20:00:00,217.02377331978587,-168.12496667507577,775.1011933552899
2004-04-15 21:00:00,217.47860078044292,-91.34937680851984,533.870776028077
2004-04-15 22:00:00,217.93498074858311,115.23190506212393,-130.16688581070704
2004-04-15 23:00:00,218.39290415545855,3.1669995062942915,-85.55990366175286
2004-04-16 00:00:00,218.85235601406927,268.98142456525653,-373.8337805793258
2004-04-16 01:00:00,219.3133170556764,206.5290086133682,-315.8423256690446
2004-04-16 02:00:00,219.77576243352803,303.0443834200003,-395.82014585352835
2004-04-16 04:00:00,220.23964974221246,302.5941037222279,-452.83375346444035
2004-04-16 05:00:00,220.7049195747793,419.8465304545486,-547.551450029328
2004-04-16 06:00:00,221.17150131458985,22.555121308635005,-64.72662262322484
2004-04-16 07:00:00,221.63931184669352,-88.06638047197409,389.4270686252805
2004-04-16 08:00:00,222.1082599395076,-111.05149576494101,434.9432358254334
2004-04-16 09:00:00,222.5782688850722,-138.62137170777675,167.04310282270455
2004-04-16 10:00:00,223.0492822328888,-113.95156507013036,112.90228283724156
2004-04-16 11:00:00,223.52125052140136,-160.8330114803785,149.31176095897715
2004-04-16 12:00:00,223.99413932544792,-171.3893525346538,210.39521320920585
2004-04-16 13:00:00,224.46793625561335,-205.97639240411738,516.508456148504
2004-04-16 14:00:00,224.94264623108137,-154.92111060936045,538.9784643782791
2004-04-16 15:00:00,225.41826514915908,15.282357403488081,208.2993774473528
2004-04-16 16:00:00,225.8947830329838,-3.2494642896481007,313.3546812566643
2004-04-16 17:00:00,226.3722007911237,-22.077641805444927,538.7054410143212
2004-04-16 18:00:00,226.85052502322552,-88.76959816061522,436.9190731373898
2004-04-16 19:00:00,227.3297854780437,-124.91081278081964,680.581027302776
2004-04-16 20:00:00,227.81003625491698,-101.03480117067721,579.2247649157601
2004-04-16 21:00:00,228.29133490837907,42.52255842027264,28.186106671348313
2004-04-16 22:00:00,228.77373114852557,-49.400622979578785,-20.3731081689468
2004-04-16 23:00:00,229.25728197664017,-14.407371084191443,-43.84991089244872
2004-04-17 00:00:00,229.74205654296074,-24.622820198423266,-43.119236344537484
2004-04-17 01:00:00,230.22812376311228,133.91234825534616,-253.14047201845844
2004-04-17 02:00:00,230.71555331380057,136.35835094429777,-233.07390425809834
2004-04-23 05:00:00,231.20441680428263,207.61524494389755,-392.8196617481802
2004-04-23 06:00:00,231.69478373931918,71.0268499409917,-246.72163368031087
2004-04-23 07:00:00,232.18671523124004,-80.48784403266974,300.3011288014297
2004-04-23 08:00:00,232.68027614632723,-105.0174406764024,752.3371645300751
2004-04-23 09:00:00,233.17555509352428,-56.078980266600134,581.9034251730759
2004-04-23 10:00:00,233.67264360033445,-65.06463877989009,225.3919951795556
2004-04-23 11:00:00,234.17163611547468,406.45609931817205,-1.627735433646734
2004-04-23 12:00:00,234.67263072527686,307.953973776916,-1.6266045021928335
2004-04-23 13:00:00,235.17572206539157,201.06674714402493,31.757530790583502
2004-04-23 14:00:00,235.6809923316278,251.2921538994986,-3.9731462311264067
2004-04-23 15:00:00,236.18851664001548,477.82498779519926,-32.01350443521474
2004-04-23 16:00:00,236.69836623630528,428.34003518705305,32.96159857664168
2004-04-23 17:00:00,237.21060755586456,596.4102909240889,-1.620898479953496
2004-04-23 18:00:00,237.72529811085147,635.8944522420613,-1.6197503529128028
2004-04-23 19:00:00,238.31598994077476,662.3024709580927,-1.6184608988674825
2004-04-23 20:00:00,238.9076114351155,433.17400512886866,19.91838343601583
2004-04-23 21:00:00,239.50015110425707,-92.88430188938378,-1.6158492148732932
2004-04-23 22:00:00,240.0935863052035,-48.83319029074735,16.739603985543823
2004-04-23 23:00:00,240.68788760691396,-35.07468629170504,-1.6132013152089257
2004-04-24 00:00:00,241.28302129330018,-12.155074233258745,10.872052939958564
2004-04-24 01:00:00,241.87895194357006,28.50878039168696,-19.387732335257027
2004-04-24 02:00:00,242.475643905062,-67.86646289101827,-1.6091810140437133
2004-04-24 05:00:00,243.07306320419423,-139.57544491315141,-38.49761829104281
2004-04-24 06:00:00,243.67117805841457,-111.0124767277442,-13.658701330670368
2004-04-24 07:00:00,244.26996007360717,-61.09543066824817,-32.17452940535898
2004-04-24 08:00:00,244.86938396336615,27.641831895538452,32.48878414109538
2004-04-24 09:00:00,245.46942736039253,169.33338238103423,0.19719025857324368
2004-04-24 10:00:00,246.07006902119187,43.508734102014685,31.42119687679346
2004-04-24 11:00:00,246.6712890875237,121.13134345501678,-9.802632542540465
2004-04-24 12:00:00,247.27306862768828,81.72468205421684,21.002249318094897
2004-04-24 13:00:00,247.87539037077403,-2.7554575355454762,-7.119932835228553
2004-04-24 14:00:00,248.47823813964524,-18.990811226302142,-14.487426913343114
2004-04-24 15:00:00,249.08159740660477,-44.525637649339465,-12.555959757265299
2004-04-24 16:00:00,249.68545552481564,-32.52465210603768,-12.16080341877796
2004-04-24 17:00:00,250.2898015195284,-54.81625027759537,-30.473551241933023
2004-04-24 18:00:00,250.89462599313933,10.748253487243392,21.35712051961727
2004-04-24 19:00:00,251.49992105846732,168.89753947350087,46.602539468031836
2004-04-24 20:00:00,252.10567882475465,237.52420190133898,-4.629880726093631
2004-04-24 21:00:00,252.71189085374306,-54.0402319277578,3.3283410740147588
2004-04-24 22:00:00,253.31854916580062,-163.32451217176433,-25.994036994036293
2004-04-24 23:00:00,253.9256464399326,-160.24818076925382,-22.67746567067877
2004-04-25 00:00:00,254.53317656317,-150.9553091916022,-19.577867371567805
2004-04-25 01:00:00,255.14113458666463,-169.95415378484336,-15.186980801821278
2004-04-25 02:00:00,255.74951649904617,-138.27263293400526,-56.47688356504091
2004-04-25 05:00:00,256.3583191819223,-232.0212039067288,-4.337115275193497
2004-04-25 06:00:00,256.967540715487,37.65046446345997,-263.618005178947
2004-04-25 07:00:00,257.57717952659374,-196.77130454004174,-19.805874986552
2004-04-25 08:00:00,258.1872341456142,-202.24375406347994,-15.943480082134244
2004-04-25 09:00:00,258.79770354975483,-187.45305052141345,-36.344653028341384
2004-04-25 10:00:00,259.4085872261938,-183.81395542773524,-31.59463179845855
2004-04-25 11:00:00,260.01988542680346,-165.48151896069515,-23.5383664661083
2004-04-25 12:00:00,260.63159907013863,-178.6988909332596,-15.932708136879029
2004-04-25 13:00:00,261.2437294901495,-192.8005945081795,-22.44313498197002
2004-04-25 14:00:00,261.8562782531595,-196.2006632247825,-15.655615028376985
2004-04-25 15:00:00,262.46924717529464,-195.72562454342233,-15.743622631872313
2004-04-25 16:00:00,263.08263820370723,-185.88696595829575,-13.195672245411487
2004-04-25 17:00:00,263.69645335687704,-119.06374425749667,-6.632709099380406
2004-04-25 18:00:00,264.31069463784553,-107.85552474512438,-19.45516989272113
2004-04-25 19:00:00,264.9253639575474,27.00019523505211,11.074440807400492
2004-04-25 20:00:00,265.5404631863372,-91.98453078731897,30.444067600981782
2004-04-25 21:00:00,266.1559936370533,-172.39557381225168,1.2395801751983413
2004-04-25 22:00:00,266.77195581093974,67.85989224583095,12.368151943229293
2004-04-25 23:00:00,267.388349776179,-61.0612592985155,45.67290952233651
2004-04-26 00:00:00,268.0051750315825,-205.75079971807418,3.7456246864916807
2004-04-26 01:00:00,268.6224302374343,-233.48420846341764,9.861778225983358
2004-04-26 02:00:00,269.24011368128635,-210.45885676645594,-22.781256914830408
2004-04-26 05:00:00,269.85822346244356,-231.42458690837225,-17.433636554071313
2004-04-26 06:00:00,270.47675792595516,-215.31035280634862,4.833594880393491
2004-04-26 07:00:00,271.0957156086485,-125.02831401589071,8.93259840724221
2004-04-26 08:00:00,271.71509488531876,-63.34698731468624,26.631892429367497
2004-04-26 09:00:00,272.3348937915982,-174.1921365951449,-9.14275719645326
2004-04-26 10:00:00,272.9551099282768,-184.1520599926714,-12.803049935605372
2004-04-26 11:00:00,273.57574091151986,-168.44488582430571,-4.130855087214115
2004-04-26 12:00:00,274.19678450506024,-174.0976929260557,8.90090842099545
2004-04-26 13:00:00,274.81823846854314,-153.90162522718285,22.083386758639733
2004-04-26 14:00:00,275.4401003235576,-185.30655348677365,13.866453163216022
2004-04-26 15:00:00,276.0623671948645,-178.35449343866605,9.292126243801533
2004-04-26 16:00:00,276.6850359088148,-158.96110133635705,15.276065427542221
2004-04-26 17:00:00,277.308103075417,-125.79403771244166,19.485934637024627
2004-04-26 18:00:00,277.9315650347163,114.33962415349362,12.728810811790083
2004-04-26 19:00:00,278.55541783049864,43.489318679331845,11.9552634901695
2004-04-26 20:00:00,279.17965729706685,-76.71327385424813,33.53361655718129
2004-04-26 21:00:00,279.80427904602357,-187.77131633273052,6.9670372867069545
2004-04-26 22:00:00,280.4292783305343,-190.47635187885425,3.047073548319929
2004-04-26 23:00:00,281.05465030233506,-194.24722208365725,-4.807428218677842
2004-04-27 00:00:00,281.6803901564793,-216.89967557632025,-13.780714580159042
2004-04-27 01:00:00,282.3064932576618,-231.44417868161926,-9.862314576042536
2004-04-27 02:00:00,282.9329552447543,-232.46048610939357,-19.47246913536071
2004-04-27 05:00:00,283.55977202667276,-221.5750434161435,-23.98472861052926
2004-04-27 06:00:00,284.1869398737866,-170.36640880499613,-2.820531068790501
2004-04-27 07:00:00,284.81445541620474,298.1107728830944,1.0747717007008646
2004-04-27 08:00:00,285.4423154064043,366.20856879744645,-18.65088420385075
2004-04-27 09:00:00,286.0705166702718,-147.47764927298186,6.407132602710078
2004-04-27 10:00:00,286.69905623713584,-140.46071485928476,8.7616586221489
2004-04-27 11:00:00,287.32793111169894,-167.49835242784988,8.170421316150964
2004-04-27 12:00:00,287.9571381867797,-66.46048888777165,33.50335070099197
2004-04-27 13:00:00,288.5866741881148,122.4315407154176,-0.018214903532395965
2004-04-27 14:00:00,289.2165355245235,-123.08736865423955,6.870833129716004
2004-04-27 15:00:00,289.8467185502375,-15.377977458399581,2.5312589081621013
2004-04-27 16:00:00,290.4772195877387,-29.933408676443285,-1.5438109112954521
2004-04-27 17:00:00,291.1080349682308,-2.6169231746553585,-14.491111793575442
2004-04-27 18:00:00,291.7391611202242,114.9357326773754,-29.674893797599623
2004-04-27 19:00:00,292.3705947478202,136.33694643574168,28.29245881643817
2004-04-27 20:00:00,293.0023328551884,263.6773517891575,-1.6796846443459117
2004-04-27 21:00:00,293.6343722784973,-40.103823882556,25.46945160405869
2004-04-27 22:00:00,294.26670977574673,-142.59222779769493,-14.674481978051801
2004-04-27 23:00:00,294.899341932232,-71.51658912442622,-20.382752807805787
2004-04-28 00:00:00,295.53226551815766,-201.53158936943635,6.999323851278689
2004-04-28 01:00:00,296.16547757050955,-182.1106219115509,-28.054855658958672
2004-04-28 02:00:00,296.7989752086661,303.33449822735133,-549.1334734360174
2004-04-28 05:00:00,297.43275584416904,-262.9067023006121,-1.526053543556941
2004-04-28 06:00:00,298.06681698780494,-201.5414377325352,-1.5253792552697405
2004-04-28 07:00:00,298.70115619470226,438.31802271676645,16.980821088531286
2004-04-28 08:00:00,299.33577101961504,287.1393536648492,1.5248753155357804
2004-04-28 09:00:00,299.97065886573785,356.1529108409931,1.8764302932690384
2004-04-28 10:00:00,300.60581709893995,38.42230338274391,32.97187951831614
2004-04-28 11:00:00,301.24124300873694,100.82750433377439,-16.068747342511358
2004-04-28 12:00:00,301.87693362971925,8.803503434018179,22.31956293626257
2004-04-28 13:00:00,302.512886061613,-7.992297976672451,-1.5205880849405844
2004-04-28 14:00:00,303.1490972543871,209.37079662988802,-1.5198938842750636
2004-04-28 15:00:00,303.7855641579961,256.7336331522214,-1.5191973102174643
2004-04-28 16:00:00,304.4222837838825,133.55415830088856,-62.976442084771065
2004-04-28 17:00:00,305.0592533258256,191.09253928743928,12.848207386735112
2004-04-28 18:00:00,305.6964704815589,514.4672019947602,-30.163672476319107
2004-04-28 19:00:00,306.3339330388334,131.3018884402922,378.36417852087436
2004-04-28 20:00:00,306.9716390839259,-42.352816848620634,539.3811777646947
2004-04-28 21:00:00,307.6095868010714,24.367716215042,0.02269698388664665
2004-04-28 22:00:00,308.2477743942604,-161.0645096860508,8.816735291790394
2004-04-28 23:00:00,308.8862000622879,-182.7681544301036,16.881954367815695
2004-04-29 00:00:00,309.5248618793803,-191.01203942969036,-1.5128224496899065
2004-04-29 01:00:00,310.16375773574254,-237.62086414728856,11.457106411546022
2004-04-29 02:00:00,310.8028854837828,-248.95969561719266,-1.8431898665901372
2004-04-29 05:00:00,311.4422428808301,-245.1169061887236,-2.325336692106532
2004-04-29 06:00:00,312.08182770514594,-162.57190005987988,-1.509927645266032
2004-04-29 07:00:00,312.72163779660235,297.022337772195,25.25602443120266
2004-04-29 08:00:00,313.36167097380667,814.6923302609503,0.9459987652430755
2004-04-29 09:00:00,314.0019248016361,179.78133252005972,-18.783257321695828
2004-04-29 10:00:00,314.64239684542804,646.8832150060268,-741.5256118514549
2004-04-29 11:00:00,315.2830849109384,-205.59944538739435,-4.683639523544059
2004-04-29 12:00:00,315.92398689745414,-111.24092491971837,-14.683061977735747
2004-04-29 13:00:00,316.56510082850286,181.22078518358512,18.214113987912015
2004-04-29 14:00:00,317.2064248856711,-7.348829305740562,36.142404420069454
2004-04-29 15:00:00,317.8479570056193,254.25023234448383,-7.098189350103155
2004-04-29 16:00:00,318.48969472382066,181.9474660410631,-17.437160764883743
2004-04-29 17:00:00,319.13163564424593,342.12503614277773,-10.256671787023663
2004-04-29 18:00:00,319.77377766193257,338.72722718376366,-1.5010048456962295
2004-04-29 19:00:00,320.4161188818652,511.08412555796286,-1.5002444398280659
2004-04-29 20:00:00,321.05865748946104,49.435832196897344,64.5055103136416
2004-04-29 21:00:00,321.7013915696768,-118.20646703010864,5.50507546043184
2004-04-29 22:00:00,322.34431862408263,-130.44299179978583,10.098673175703198
2004-04-29 23:00:00,322.98743593134384,-159.30964692803275,10.32221099668891
2004-04-30 00:00:00,323.6307406199987,-144.70165218458519,-8.929088435413462
2004-04-30 01:00:00,324.2742297130863,-212.6287740080058,4.354544294919492
2004-04-30 02:00:00,324.9179003335049,-240.83231750631498,6.91441717281009
2004-04-30 05:00:00,325.56174958438953,-276.2858897305075,-1.2758598538820252
2004-04-30 06:00:00,326.20577449933916,-210.31802182833195,-4.887752671007206
2004-04-30 07:00:00,326.8499721552075,31.65490373376867,-13.504875888976187
2004-04-30 08:00:00,327.49433977698317,19.82397238028066,-15.318312157263847
2004-04-30 09:00:00,328.13887487132627,16.480899302956587,-0.6197741742828384
2004-04-30 10:00:00,328.7835752305183,-97.36045545830615,-19.423119772212146
2004-04-30 11:00:00,329.42843880416797,-144.34107714016628,-19.08736166400172
2004-04-30 12:00:00,330.0734639030118,-105.68927232794832,-10.38419157506354
2004-04-30 13:00:00,330.7186492306078,52.778189746176274,-6.49683897678409
2004-04-30 14:00:00,331.36399375383274,-144.07738924318852,22.713395489355776
2004-04-30 15:00:00,332.0094965190308,-83.91682543761026,16.90732891857948
2004-04-30 16:00:00,332.6551562514163,4.319628890249933,28.025214858333754
2004-04-30 17:00:00,333.3009712924286,137.99615511554958,-17.29712640797817
2004-04-30 18:00:00,333.94693963147535,140.44535086814588,-14.392290499621197
2004-04-30 19:00:00,334.59305949416677,306.41005756383584,0.9968829419973986
2004-04-30 20:00:00,335.23932940576236,150.69824039702732,15.06243019721029
2004-04-30 21:00:00,335.88574790518095,-102.60252814526075,0.7167802400797996
2004-04-30 22:00:00,336.5323133349062,-123.73739789572038,-0.794915439185786
2004-04-30 23:00:00,337.17902400650934,-77.94812843600769,15.769104429498327
2004-05-01 00:00:00,337.8258782141322,-69.50899693301729,6.683118718885055
